{
    "position": {
        "x": 15.834762573242188,
        "y": 60.915191650390628
    },
    "timer": 347.6900939941406,
    "isFirst": false
}