{
    "position": {
        "x": 13.38169002532959,
        "y": 345.9952087402344
    },
    "timer": 856.7135009765625,
    "isFirst": false
}