{
    "position": {
        "x": -1.1606801748275757,
        "y": 3.8951847553253176
    },
    "timer": 408.1481628417969
}