{
    "position": {
        "x": -7.251812934875488,
        "y": 3.895179510116577
    },
    "timer": 222.51539611816407
}