{
    "position": {
        "x": -10.054694175720215,
        "y": 36.99517822265625
    },
    "timer": 1113.9700927734375,
    "isFirst": false
}