{
    "position": {
        "x": 8.515710830688477,
        "y": 3.895193099975586
    },
    "timer": 551.38232421875
}