{
    "position": {
        "x": 3.361624002456665,
        "y": 3.9151997566223146
    },
    "timer": 26.74648666381836,
    "isFirst": false,
    "timeList": [
        0.0,
        0.0,
        0.0,
        0.0,
        0.0,
        0.0,
        0.0,
        0.0,
        0.0,
        0.0
    ]
}