{
    "position": {
        "x": 6.420139789581299,
        "y": 34.880279541015628
    },
    "timer": 291.3799743652344
}