{
    "position": {
        "x": 1.8938201665878297,
        "y": 3.893106698989868
    },
    "timer": 14.656752586364746
}