{
    "position": {
        "x": 5.956760883331299,
        "y": 25.895170211791993
    },
    "timer": 61.3380126953125
}