{
    "position": {
        "x": 12.487349510192871,
        "y": 345.99517822265627
    },
    "timer": 790.7594604492188,
    "isFirst": false
}