{
    "position": {
        "x": -9.0023775100708,
        "y": 3.915177583694458
    },
    "timer": 13.542367935180664,
    "isFirst": false
}