{
    "position": {
        "x": -11.702384948730469,
        "y": 3.8951871395111086
    },
    "timer": 204.71534729003907
}