{
    "position": {
        "x": -1.1860865354537964,
        "y": 13.827195167541504
    },
    "timer": 672.6216430664063
}