{
    "position": {
        "x": -2.16483211517334,
        "y": 3.8951845169067385
    },
    "timer": 668.4358520507813
}