{
    "position": {
        "x": 7.769464015960693,
        "y": 25.89702033996582
    },
    "timer": 218.40748596191407
}