{
    "position": {
        "x": -6.1613264083862309,
        "y": 393.8951721191406
    },
    "timer": 975.4652099609375
}