{
    "position": {
        "x": -0.6366450786590576,
        "y": 3.895186424255371
    },
    "timer": 111.13280487060547
}