{
    "position": {
        "x": -7.279637336730957,
        "y": 3.915179491043091
    },
    "timer": 10.130552291870118,
    "isFirst": true
}