{
    "position": {
        "x": -9.347114562988282,
        "y": 3.8951776027679445
    },
    "timer": 696.9439697265625
}