{
    "position": {
        "x": 15.95477294921875,
        "y": 3.8952128887176515
    },
    "timer": 845.5086059570313
}