{
    "position": {
        "x": 1.4176632165908814,
        "y": 11.895198822021485
    },
    "timer": 173.78347778320313
}