{
    "position": {
        "x": -9.013765335083008,
        "y": 622.9951782226563
    },
    "timer": 19.00996208190918,
    "isFirst": true
}