{
    "position": {
        "x": 8.16630744934082,
        "y": 8.361492156982422
    },
    "timer": 575.4790649414063
}