{
    "position": {
        "x": 8.957328796386719,
        "y": 51.89468002319336
    },
    "timer": 787.103515625
}