{
    "position": {
        "x": -1.561530590057373,
        "y": 11.895182609558106
    },
    "timer": 381.05279541015627
}