{
    "position": {
        "x": 7.023510932922363,
        "y": 3.8951969146728517
    },
    "timer": 171.56460571289063
}