{
    "position": {
        "x": 14.020487785339356,
        "y": 3.8949601650238039
    },
    "timer": 444.8646545410156
}