{
    "position": {
        "x": -7.64250373840332,
        "y": 5.191513538360596
    },
    "timer": 2998.46826171875
}