{
    "position": {
        "x": 6.666936874389648,
        "y": 17.89517593383789
    },
    "timer": 786.8779907226563
}