{
    "position": {
        "x": -9.000981330871582,
        "y": 3.915177583694458
    },
    "timer": 0.0,
    "isFirst": false,
    "timeList": [
        0.0,
        0.0,
        0.0,
        0.0,
        0.0,
        0.0,
        0.0,
        0.0,
        0.0,
        0.0
    ]
}