{
    "position": {
        "x": -0.6732577085494995,
        "y": 3.8951871395111086
    },
    "timer": 42.72676467895508
}