{
    "position": {
        "x": -4.501375198364258,
        "y": 3.8951849937438967
    },
    "timer": 86.2988510131836
}