{
    "position": {
        "x": 0.808353841304779,
        "y": 11.995197296142579
    },
    "timer": 659.3312377929688,
    "isFirst": false
}