{
    "position": {
        "x": -14.296754837036133,
        "y": 257.8905029296875
    },
    "timer": 1144.249267578125
}