{
    "position": {
        "x": -2.3138320446014406,
        "y": 11.89517593383789
    },
    "timer": 12.669495582580567
}