{
    "position": {
        "x": 11.364067077636719,
        "y": 503.89508056640627
    },
    "timer": 1318.468994140625
}