{
    "position": {
        "x": 15.934271812438965,
        "y": 385.9151916503906
    },
    "timer": 66.05963897705078,
    "isFirst": false
}