{
    "position": {
        "x": -9.0,
        "y": 3.8951778411865236
    },
    "timer": 51.71633529663086
}