{
    "position": {
<<<<<<< HEAD
<<<<<<< HEAD
        "x": -1.561530590057373,
        "y": 11.895182609558106
    },
    "timer": 381.05279541015627
=======
        "x": -9.402527809143067,
        "y": 3.8951783180236818
    },
    "timer": 1085.883544921875
>>>>>>> SteveJone
=======
        "x": 6.666936874389648,
        "y": 17.89517593383789
    },
    "timer": 786.8779907226563
>>>>>>> kjp
}