{
    "position": {
        "x": -15.934825897216797,
        "y": 3.9151997566223146
    },
    "timer": 454.9404296875,
    "isFirst": false,
    "timeList": [
        0.0,
        0.0,
        0.0,
        0.0,
        0.0,
        0.0,
        0.0,
        0.0,
        0.0,
        0.0
    ]
}