{
    "position": {
        "x": 5.3999128341674809,
        "y": 227.99513244628907
    },
    "timer": 4.0520501136779789,
    "isFirst": false
}