{
    "position": {
        "x": 13.562810897827149,
        "y": 345.9151916503906
    },
    "timer": 31.614559173583986,
    "isFirst": false
}