{
    "position": {
        "x": 9.30293083190918,
        "y": 3.895197629928589
    },
    "timer": 929.2007446289063
}