{
    "position": {
        "x": -6.217501640319824,
        "y": 341.9151611328125
    },
    "timer": 32.62770080566406,
    "isFirst": false
}