{
    "position": {
        "x": 12.350037574768067,
        "y": 503.7978515625
    },
    "timer": 34.75294494628906,
    "isFirst": false
}