{
    "position": {
        "x": 1.0451639890670777,
        "y": 11.995198249816895
    },
    "timer": 674.8436279296875,
    "isFirst": false
}