{
    "position": {
        "x": 7.122544765472412,
        "y": 17.895172119140626
    },
    "timer": 554.2735595703125
}