{
    "position": {
        "x": 14.065168380737305,
        "y": 60.9151725769043
    },
    "timer": 632.0174560546875,
    "isFirst": false
}