{
    "position": {
        "x": -1.9453372955322266,
        "y": 38.89519500732422
    },
    "timer": 317.12176513671877
}