{
    "position": {
        "x": -7.900038242340088,
        "y": 3.9151785373687746
    },
    "timer": 17.077543258666993,
    "isFirst": false,
    "timeList": [
        0.0,
        0.0,
        0.0,
        0.0,
        0.0,
        0.0,
        0.0,
        0.0,
        0.0,
        0.0
    ]
}