{
    "position": {
<<<<<<< HEAD
<<<<<<< HEAD
<<<<<<< HEAD
<<<<<<< HEAD
        "x": -1.561530590057373,
        "y": 11.895182609558106
    },
    "timer": 381.05279541015627
=======
        "x": -9.402527809143067,
        "y": 3.8951783180236818
    },
    "timer": 1085.883544921875
>>>>>>> SteveJone
=======
        "x": 6.666936874389648,
        "y": 17.89517593383789
    },
    "timer": 786.8779907226563
>>>>>>> kjp
=======
        "x": -7.64250373840332,
        "y": 5.191513538360596
    },
    "timer": 2998.46826171875
=======
        "x": -5.340660572052002,
        "y": 3.895181179046631
    },
    "timer": 15.965628623962403
>>>>>>> 12a011a91ff799d7c05a77da5326f66b1b4880c4
>>>>>>> origin/daehee
=======
        "x": 8.957328796386719,
        "y": 51.89468002319336
    },
    "timer": 787.103515625
>>>>>>> origin/kcy
}