{
    "position": {
        "x": 7.276230812072754,
        "y": 17.89479637145996
    },
    "timer": 200.48252868652345
}