{
    "position": {
        "x": -6.5408406257629398,
        "y": 3.894331932067871
    },
    "timer": 22.217714309692384
}