{
    "position": {
        "x": -8.899999618530274,
        "y": 4.0
    },
    "timer": 16.91065788269043,
    "isFirst": false
}