{
    "position": {
        "x": -5.340660572052002,
        "y": 3.895181179046631
    },
    "timer": 15.965628623962403
}