{
    "position": {
        "x": -10.814493179321289,
        "y": 153.89515686035157
    },
    "timer": 392.46826171875
}