{
    "position": {
        "x": -7.279637336730957,
        "y": 3.9151792526245119
    },
    "timer": 9.547930717468262,
    "isFirst": false
}