{
    "position": {
        "x": -9.002178192138672,
        "y": 3.915177583694458
    },
    "timer": 1.7191996574401856,
    "isFirst": false
}