{
    "position": {
        "x": -6.897288799285889,
        "y": 3.8951797485351564
    },
    "timer": 93.48632049560547
}