{
    "position": {
        "x": 15.93459415435791,
        "y": 3.9151997566223146
    },
    "timer": 94.87132263183594,
    "isFirst": false
}