{
    "position": {
        "x": -15.954830169677735,
        "y": 3.8951995372772219
    },
    "timer": 7.743555545806885
}