{
    "position": {
        "x": -3.289491653442383,
        "y": 3.8951847553253176
    },
    "timer": 669.5828857421875
}