{
    "position": {
        "x": 5.009922504425049,
        "y": 3.648383855819702
    },
    "timer": 231.16888427734376
}