{
    "position": {
        "x": 4.0,
        "y": 594.4041748046875
    },
    "timer": 43.343685150146487,
    "isFirst": false
}