{
    "position": {
        "x": 4.399999141693115,
        "y": 341.99517822265627
    },
    "timer": 1272.75390625,
    "isFirst": false
}