{
    "position": {
        "x": -3.0772030353546144,
        "y": 11.895174980163575
    },
    "timer": 371.6263427734375
}