{
    "position": {
        "x": -6.741979122161865,
        "y": 286.8951110839844
    },
    "timer": 2253.086181640625
}