{
    "position": {
<<<<<<< HEAD
        "x": -1.561530590057373,
        "y": 11.895182609558106
    },
    "timer": 381.05279541015627
=======
        "x": -9.402527809143067,
        "y": 3.8951783180236818
    },
    "timer": 1085.883544921875
>>>>>>> SteveJone
}