{
    "position": {
        "x": -0.026587743312120439,
        "y": 11.895193099975586
    },
    "timer": 613.3341674804688
}