{
    "position": {
        "x": -10.054694175720215,
        "y": 36.99517822265625
    },
    "timer": 1183.53125,
    "isFirst": false
}