{
    "position": {
        "x": 7.298590660095215,
        "y": 297.7835388183594
    },
    "timer": 206.24789428710938
}