{
    "position": {
        "x": 4.543015480041504,
        "y": 17.995168685913087
    },
    "timer": 9.078910827636719,
    "isFirst": false
}