{
    "position": {
        "x": 1.9455147981643677,
        "y": 11.894221305847168
    },
    "timer": 1351.19921875
}