{
    "position": {
        "x": -4.113400936126709,
        "y": 3.8951847553253176
    },
    "timer": 417.1783752441406
}