{
    "position": {
        "x": -5.117844581604004,
        "y": 89.89517974853516
    },
    "timer": 145.18528747558595
}