{
    "position": {
<<<<<<< HEAD
        "x": 14.020487785339356,
        "y": 3.8949601650238039
    },
    "timer": 444.8646545410156
=======
        "x": -4.501375198364258,
        "y": 3.8951849937438967
    },
    "timer": 86.2988510131836
>>>>>>> origin/kjp
}