{
    "position": {
        "x": 4.555780410766602,
        "y": 227.99514770507813
    },
    "timer": 19.65688133239746,
    "isFirst": false
}