{
    "position": {
        "x": -4.728291988372803,
        "y": 3.895184278488159
    },
    "timer": 28.0966739654541
}