{
    "position": {
        "x": 15.105379104614258,
        "y": 18.847002029418947
    },
    "timer": 9.82201862335205
}