{
    "position": {
        "x": -11.5665283203125,
        "y": 4.95226526260376
    },
    "timer": 275.6119384765625
}