{
    "position": {
        "x": -2.7000064849853517,
        "y": 11.995180130004883
    },
    "timer": 5.099738597869873,
    "isFirst": false
}