{
    "position": {
        "x": 3.4485561847686769,
        "y": 25.89516830444336
    },
    "timer": 460.8821105957031
}