{
    "position": {
        "x": 3.3656136989593508,
        "y": 6.6861572265625
    },
    "timer": 1116.938232421875
}