{
    "position": {
        "x": 2.7670984268188478,
        "y": 99.54144287109375
    },
    "timer": 533.1351928710938
}