{
    "position": {
        "x": -4.9246721267700199,
        "y": 344.5577697753906
    },
    "timer": 103.37487030029297,
    "isFirst": false
}