{
    "position": {
        "x": 11.470562934875489,
        "y": 3.8951971530914308
    },
    "timer": 17.957752227783204
}