{
    "position": {
        "x": -0.4461327791213989,
        "y": 4.727819442749023
    },
    "timer": 82.09534454345703
}