{
    "position": {
        "x": -8.577986717224121,
        "y": 14.727267265319825
    },
    "timer": 126.69034576416016
}