{
    "position": {
        "x": -0.9548730850219727,
        "y": 35.45448684692383
    },
    "timer": 706.1650390625
}