{
    "position": {
        "x": -15.954800605773926,
        "y": 3.895171880722046
    },
    "timer": 275.7188415527344
}