{
    "position": {
        "x": -12.633289337158204,
        "y": 622.9151611328125
    },
    "timer": 34.41214370727539,
    "isFirst": true
}