{
    "position": {
        "x": -1.6691594123840333,
        "y": 11.895228385925293
    },
    "timer": 1218.78857421875
}