{
    "position": {
        "x": -12.435724258422852,
        "y": 9.166298866271973
    },
    "timer": 852.947998046875
}