{
    "position": {
        "x": -6.901793003082275,
        "y": 4.0
    },
    "timer": 72.08180236816406,
    "isFirst": true
}