{
    "position": {
        "x": -9.402527809143067,
        "y": 3.8951783180236818
    },
    "timer": 1085.883544921875
}