{
    "position": {
<<<<<<< HEAD
        "x": -7.64250373840332,
        "y": 5.191513538360596
    },
    "timer": 2998.46826171875
=======
        "x": -5.340660572052002,
        "y": 3.895181179046631
    },
    "timer": 15.965628623962403
>>>>>>> 12a011a91ff799d7c05a77da5326f66b1b4880c4
}