{
    "position": {
        "x": 6.678956985473633,
        "y": 3.895191192626953
    },
    "timer": 1132.0635986328125
}