{
    "position": {
        "x": 6.370338439941406,
        "y": 587.8941040039063
    },
    "timer": 1139.1754150390625
}