{
    "position": {
        "x": 7.1737213134765629,
        "y": 227.89622497558595
    },
    "timer": 442.6605224609375
}