{
    "position": {
        "x": -5.041913032531738,
        "y": 3.89518141746521
    },
    "timer": 339.4400329589844
}