{
    "position": {
        "x": 4.5430169105529789,
        "y": 21.982091903686525
    },
    "timer": 7.0909104347229,
    "isFirst": false
}