{
    "position": {
        "x": -1.0018365383148194,
        "y": 21.54401969909668
    },
    "timer": 46.55274963378906
}