{
    "position": {
        "x": -6.697024822235107,
        "y": 3.895179510116577
    },
    "timer": 1166.303955078125
}