{
    "position": {
        "x": -3.5690741539001467,
        "y": 11.895197868347168
    },
    "timer": 18.196998596191408,
    "isFirst": false
}