{
    "position": {
        "x": -12.297821044921875,
        "y": 28.8942813873291
    },
    "timer": 897.0929565429688
}