{
    "position": {
        "x": -6.799313068389893,
        "y": 3.8951797485351564
    },
    "timer": 6.004227161407471
}