{
    "position": {
        "x": 14.459148406982422,
        "y": 3.89389705657959
    },
    "timer": 215.2950897216797
}