{
    "bgmSound": 0.10000000149011612,
    "effectSound": 0.6205839514732361
}